{
    "title": "hotpot_dev_fullwiki_v1.json",
    "question": [
        "What is the name of the fight song of the university whose main campus is in Lawrence, Kansas and whose branch campuses are in the Kansas City metropolitan area?",
        "Only return the answer. Do not add explanations."
    ],
    "answers": [
        "\"Rock Chalk, Jayhawk\""
    ],
    "path": "/Users/yiminglin/Documents/Codebase/doc-provenance/out/hotpotQA/results/hotpot_q10_divide_and_conquer_progressive.json",
    "context_size": 1585,
    "time": 24.559849977493286,
    "time_breakdown": {
        "0": 6.016167879104614,
        "1": 9.875683069229126,
        "2": 14.727232933044434,
        "3": 18.92902398109436,
        "4": 24.559802770614624
    },
    "tokens": [
        6376,
        95
    ],
    "tokens_breakdown": {
        "0": [
            3102,
            38
        ],
        "1": [
            3274,
            45
        ],
        "2": [
            3892,
            59
        ],
        "3": [
            4147,
            66
        ],
        "4": [
            6376,
            95
        ]
    },
    "provenance_ids_breakdown": {
        "0": [
            0,
            1,
            2,
            3,
            4,
            5,
            6,
            7,
            8,
            9,
            10,
            11,
            12,
            13,
            14,
            15,
            16,
            17,
            18,
            19,
            20,
            21,
            22,
            23,
            24,
            25,
            26,
            27,
            28,
            29,
            30,
            31,
            32,
            33,
            34,
            40
        ],
        "1": [
            34
        ],
        "2": [
            28
        ],
        "3": [
            21,
            22
        ],
        "4": [
            9
        ]
    }
}