{
    "title": "hotpot_dev_fullwiki_v1.json",
    "question": [
        "Are Local H and For Against both from the United States?",
        "Only return yes or no. Do not add explanations."
    ],
    "answers": [
        "Yes"
    ],
    "path": "/Users/yiminglin/Documents/Codebase/doc-provenance/out/hotpotQA/results/hotpot_q9_divide_and_conquer_progressive.json",
    "context_size": 1484,
    "time": 16.207242965698242,
    "time_breakdown": {
        "0": 4.366109848022461,
        "1": 5.909156084060669,
        "2": 12.038862943649292,
        "3": 13.631354093551636,
        "4": 16.207197189331055
    },
    "tokens": [
        4334,
        17
    ],
    "tokens_breakdown": {
        "0": [
            3038,
            6
        ],
        "1": [
            3179,
            8
        ],
        "2": [
            3434,
            11
        ],
        "3": [
            3560,
            13
        ],
        "4": [
            4334,
            17
        ]
    },
    "provenance_ids_breakdown": {
        "0": [
            35
        ],
        "1": [
            32
        ],
        "2": [
            29
        ],
        "3": [
            26
        ],
        "4": [
            41
        ]
    }
}