{
    "title": "\"I Don't Understand...\" Issues in Self-Quantifying Commuting",
    "question": [
        "What is the publication year of this paper?",
        "Return only a number. Do not add explanations."
    ],
    "answers": [
        "2019"
    ],
    "path": "/Users/yiminglin/Documents/Codebase/doc-provenance/out/papers/results/doc0_q0_divide_and_conquer_progressive.json",
    "context_size": 5912,
    "time": 20.6335871219635,
    "time_breakdown": {
        "0": 3.913033962249756,
        "1": 6.266706943511963,
        "2": 10.46583604812622,
        "3": 15.923804998397827,
        "4": 20.633463144302368
    },
    "tokens": [
        24770,
        94
    ],
    "tokens_breakdown": {
        "0": [
            12895,
            16
        ],
        "1": [
            13883,
            24
        ],
        "2": [
            15757,
            68
        ],
        "3": [
            23597,
            84
        ],
        "4": [
            24770,
            94
        ]
    },
    "provenance_ids_breakdown": {
        "0": [
            6
        ],
        "1": [
            15
        ],
        "2": [
            32
        ],
        "3": [
            113
        ],
        "4": [
            93
        ]
    }
}