{
    "title": "Expense Control: A Gamified, Semi-Automated, Crowd-Based Approach For Receipt Capturing",
    "question": [
        "In which conference was this paper published?",
        "Return only the conference name. Do not add explanations."
    ],
    "answers": [
        "IUI 2016"
    ],
    "path": "/Users/yiminglin/Documents/Codebase/doc-provenance/out/papers/results/doc1_q2_divide_and_conquer_progressive.json",
    "context_size": 16907,
    "time": 34.81577277183533,
    "time_breakdown": {
        "0": 10.133339166641235,
        "1": 15.547941207885742,
        "2": 22.37788724899292,
        "3": 28.215618133544922,
        "4": 34.815723180770874
    },
    "tokens": [
        69243,
        301
    ],
    "tokens_breakdown": {
        "0": [
            37599,
            53
        ],
        "1": [
            41552,
            103
        ],
        "2": [
            48402,
            160
        ],
        "3": [
            51427,
            227
        ],
        "4": [
            69243,
            301
        ]
    },
    "provenance_ids_breakdown": {
        "0": [
            393
        ],
        "1": [
            358
        ],
        "2": [
            322
        ],
        "3": [
            284
        ],
        "4": [
            243
        ]
    }
}