{
    "title": "Understanding My Data, Myself: Supporting Self-reflection with Ubicomp Technologies",
    "question": [
        "In which conference was this paper published?",
        "Return only the conference name. Do not add explanations."
    ],
    "answers": [
        "UbiComp'11"
    ],
    "path": "/Users/yiminglin/Documents/Codebase/doc-provenance/out/papers/results/doc2_q2_divide_and_conquer_progressive.json",
    "context_size": 13064,
    "time": 38.408461809158325,
    "time_breakdown": {
        "0": 8.511884927749634,
        "1": 16.082127809524536,
        "2": 25.4010910987854,
        "3": 31.592472076416016,
        "4": 38.40840196609497
    },
    "tokens": [
        46095,
        271
    ],
    "tokens_breakdown": {
        "0": [
            26913,
            55
        ],
        "1": [
            29832,
            87
        ],
        "2": [
            34327,
            170
        ],
        "3": [
            41776,
            223
        ],
        "4": [
            46095,
            271
        ]
    },
    "provenance_ids_breakdown": {
        "0": [
            0
        ],
        "1": [
            57
        ],
        "2": [
            107
        ],
        "3": [
            154
        ],
        "4": [
            202
        ]
    }
}