{
    "title": "Understanding My Data, Myself: Supporting Self-reflection with Ubicomp Technologies",
    "question": [
        "In what year was this paper published?",
        "Return only a number. Do not add explanations."
    ],
    "answers": [
        "2011"
    ],
    "path": "/Users/yiminglin/Documents/Codebase/doc-provenance/out/papers/results/doc2_q0_divide_and_conquer_progressive.json",
    "context_size": 13064,
    "time": 31.224936962127686,
    "time_breakdown": {
        "0": 8.485649824142456,
        "1": 12.052831888198853,
        "2": 15.841678857803345,
        "3": 23.00777578353882,
        "4": 31.22486400604248
    },
    "tokens": [
        35575,
        69
    ],
    "tokens_breakdown": {
        "0": [
            26491,
            16
        ],
        "1": [
            27203,
            24
        ],
        "2": [
            28202,
            32
        ],
        "3": [
            30866,
            46
        ],
        "4": [
            35575,
            69
        ]
    },
    "provenance_ids_breakdown": {
        "0": [
            14
        ],
        "1": [
            0
        ],
        "2": [
            15
        ],
        "3": [
            57
        ],
        "4": [
            107
        ]
    }
}