{
    "title": "Sundroid: Solar Radiation Awareness with Smartphones",
    "question": [
        "In what year was this paper published?",
        "Return only a number. Do not add explanations."
    ],
    "answers": [
        "2011"
    ],
    "path": "/Users/yiminglin/Documents/Codebase/doc-provenance/out/papers/results/doc3_q0_divide_and_conquer_progressive.json",
    "context_size": 12329,
    "time": 29.615509033203125,
    "time_breakdown": {
        "0": 6.511491060256958,
        "1": 10.401652097702026,
        "2": 15.92332124710083,
        "3": 23.927191019058228,
        "4": 29.61546802520752
    },
    "tokens": [
        43559,
        109
    ],
    "tokens_breakdown": {
        "0": [
            24768,
            18
        ],
        "1": [
            26022,
            53
        ],
        "2": [
            31432,
            71
        ],
        "3": [
            39125,
            89
        ],
        "4": [
            43559,
            109
        ]
    },
    "provenance_ids_breakdown": {
        "0": [
            17
        ],
        "1": [
            0
        ],
        "2": [
            62
        ],
        "3": [
            193
        ],
        "4": [
            137
        ]
    }
}