{
    "title": "Why We Use and Abandon Smart Devices",
    "question": [
        "In what year was this paper published?",
        "Return only a number. Do not add explanations."
    ],
    "answers": [
        "2015"
    ],
    "path": "/Users/yiminglin/Documents/Codebase/doc-provenance/out/papers/results/doc4_q0_divide_and_conquer_progressive.json",
    "context_size": 14092,
    "time": 25.45604395866394,
    "time_breakdown": {
        "0": 6.911006212234497,
        "1": 9.698124885559082,
        "2": 14.862913846969604,
        "3": 21.22134494781494,
        "4": 25.456002950668335
    },
    "tokens": [
        50023,
        83
    ],
    "tokens_breakdown": {
        "0": [
            28110,
            20
        ],
        "1": [
            29153,
            28
        ],
        "2": [
            34295,
            46
        ],
        "3": [
            44027,
            65
        ],
        "4": [
            50023,
            83
        ]
    },
    "provenance_ids_breakdown": {
        "0": [
            0
        ],
        "1": [
            16
        ],
        "2": [
            58
        ],
        "3": [
            130
        ],
        "4": [
            205
        ]
    }
}